{
    "Australia":"Australia",
    "Albania":"Albania",
    "Argentina":"Argentina",
    "Armenia":"Armenia",
    "Austria":"Austria",
    "Azerbaijan":"Azerbaijan",
    "Belgium":"Belgium",
    "Belarus":"Belarus",
    "Brazil":"Brazil",
    "Bulgaria":"Bulgaria",
    "Bosina and Herzegovina":"Bosina and Herzegovina",
    "Chile":"Chile",
    "China":"China",
    "Canada":"Canada",
    "Colombia":"Colombia",
    "Croatia":"Croatia",
    "Czech Republic":"Czech Republic",
    "Denmark":"Denmark",
    "Dominican Republic":"Dominican Republic",
    "Ecuadore":"Ecuadore",
    "Egypt":"Egypt",
    "El Salvador":"El Salvador",
    "Estonia":"Estonia",
    "Finland":"Finland",
    "France":"France",
    "Germany":"Germany",
    "Greec":"Greec",
    "Hongkong":"Hongkong",
    "Hungary":"Hungary",
    "India": "India",
    "Indonesia":"Indonesia",
    "Italy":"Italy",
    "Israel":"Israel",
    "Ireland":"Ireland",
    "Japan":"Japan",
    "Kazakhstan":"Kazakhstan",
    "Latvia":"Latvia",
    "Lebanon":"Lethuyania",
    "Malaysia":"Malaysia",
    "Mexico":"Mexico",
    "Netherlands":"Netherlands",
    "Moldova(Republic of)":"Moldova(Republic of)",
    "New zealand":"New zealand",
    "Noorway":"Noorway",
    "Pakistan":"Pakisatn",
    "Peru":"Peru",
    "Philippines":"Philippines",
    "Poland":"Poland",
    "Purtgal":"Purtgal",
    "Puerto Rico":"Puerto Rico",
    "Romania":"Romania",
    "Russian Federation":"Russian Federation",
    "Saudi Arbia":"Saudi Arbia",
    "Serbia":"Serbia",
    "Singapore":"Singapore",
    "Slovakia":"Slovakia",
    "Slovenia":"Slovenia",
    "Spain":"Spain",
    "Sweden":"Sweden",
    "Switzerland":"Sweetzerland",
    "South Africa":"South Africa",
    "Korea(Republic of) ":"Korea(Republic of)",
    "Taiwan":"Taiwan",
    "Thailand":"Thailand",
    "Trinindad and Tobago":"Trinindad and Tobago",
    "Turkey":"Turkey",
    "USA":"USA",
    "Ukraine":"Ukraine",
    "United State":"United State",
    "United Kingdom":"United Kingdom",
    "United Arab Emirates":"United Arab Emirates",
    "Uzbekistan":"Uzbekistan",
    "Uruguay":"Uruguay",
    "Venezuela(Bolivarian Republic of)":"Venezuela(Bolivarian Republic of)",
    "Veatnam":"Veatnam"
    
    }